localidad,latitud,longitud,altitud,codigo_nh,provincia,id_estacion,nombre,lat,lon,altura
AZUL-SMN,-36.75,-59.83,132,196,BUENOS AIRES,50196,AZUL-SMN,-36.75,-59.83,132
BOLIVAR-SMN,-36.25,-61.1,93,189,BUENOS AIRES,50189,BOLIVAR-SMN,-36.25,-61.1,93
BAHIA BLANCA-SMN,-38.73,-62.17,83,221,BUENOS AIRES,50221,BAHIA BLANCA-SMN,-38.73,-62.17,83
BARILOCHE-SMN,-41.15,-71.17,840,323,RIO NEGRO,50323,BARILOCHE-SMN,-41.15,-71.17,840
BENITO JUAREZ-SMN,-37.72,-59.78,207,8,BUENOS AIRES,50008,BENITO JUAREZ-SMN,-37.72,-59.78,207
BERNARDO DE IRIGOYEN AERO (MISIO),-26.25,-53.65,815,523,MISIONES,50523,BERNARDO DE IRIGOYEN AERO (MISIO),-26.25,-53.65,815
BUENOS AIRES-AERO-SMN,-34.57,-58.42,6,332,CIUDAD AUTONOMA DE BUENOS AIRE,50332,BUENOS AIRES-AERO-SMN,-34.57,-58.42,6
CATAMARCA-SMN,-28.6,-65.77,454,44,CATAMARCA,50044,CATAMARCA-SMN,-28.6,-65.77,454
CERES-SMN,-29.88,-61.95,88,81,SANTA FE,50081,CERES-SMN,-29.88,-61.95,88
COMODORO RIVADAVIA-SMN,-45.78,-67.5,46,270,CHUBUT,50270,COMODORO RIVADAVIA-SMN,-45.78,-67.5,46
CONCORDIA-SMN,-31.3,-58.02,38,477,ENTRE RIOS,50477,CONCORDIA-SMN,-31.3,-58.02,38
CORDOBA-SMN,-31.32,-64.22,474,100,CORDOBA,50100,CORDOBA-SMN,-31.32,-64.22,474
CORDOBA-OBS,-31.4,-64.18,425,105,CORDOBA,50105,CORDOBA-OBS,-31.4,-64.18,425
CORONEL SUAREZ-SMN,-37.5,-61.95,234,204,BUENOS AIRES,50204,CORONEL SUAREZ-SMN,-37.5,-61.95,234
CORONEL PRINGLES-SMN,-38.02,-61.33,247,390,BUENOS AIRES,50390,CORONEL PRINGLES-SMN,-38.02,-61.33,247
CORRIENTES-SMN,-27.47,-58.82,62,470,CORRIENTES,50470,CORRIENTES-SMN,-27.47,-58.82,62
CHAMICAL-SMN,-30.37,-66.28,461,476,LA RIOJA,50476,CHAMICAL-SMN,-30.37,-66.28,461
CHAPELCO-SMN,-40.08,-71.13,779,525,NEUQUEN,50525,CHAPELCO-SMN,-40.08,-71.13,779
CHEPES-SMN,-31.33,-66.6,658,102,LA RIOJA,50102,CHEPES-SMN,-31.33,-66.6,658
CHILECITO-SMN,-29.17,-67.5,945,31,LA RIOJA,50031,CHILECITO-SMN,-29.17,-67.5,945
DOLORES-SMN,-36.35,-57.73,9,190,BUENOS AIRES,50190,DOLORES-SMN,-36.35,-57.73,9
EL BOLSON-SMN,-41.97,-71.52,337,158,RIO NEGRO,50158,EL BOLSON-SMN,-41.97,-71.52,337
EL BOLSON-SMN,-41.93,-71.55,310,350,RIO NEGRO,50350,EL BOLSON-SMN,-41.93,-71.55,310
EL CALAFATE-SMN,-50.27,-72.05,204,571,SANTA CRUZ,50571,EL CALAFATE-SMN,-50.27,-72.05,204
EL TREBOL-SMN,-32.25,-61.38,92,552,SANTA FE,50552,EL TREBOL-SMN,-32.25,-61.38,92
EL PALOMAR-SMN,-34.6,-58.6,12,159,BUENOS AIRES,50159,EL PALOMAR-SMN,-34.6,-58.6,12
ESQUEL-SMN,-42.9,-71.35,787,303,CHUBUT,50303,ESQUEL-SMN,-42.9,-71.35,787
EZEIZA-SMN,-34.82,-58.53,20,166,BUENOS AIRES,50166,EZEIZA-SMN,-34.82,-58.53,20
FORMOSA-SMN,-26.2,-58.23,60,483,FORMOSA,50483,FORMOSA-SMN,-26.2,-58.23,60
GENERAL PICO-SMN,-35.7,-63.75,145,334,LA PAMPA,50334,GENERAL PICO-SMN,-35.7,-63.75,145
GOBERNADOR GREGORES-SMN,-48.78,-70.17,357,283,SANTA CRUZ,50283,GOBERNADOR GREGORES-SMN,-48.78,-70.17,357
GUALEGUAYCHU-SMN,-33.02,-58.52,21,134,ENTRE RIOS,50134,GUALEGUAYCHU-SMN,-33.02,-58.52,21
IGUAZU-SMN,-25.73,-54.47,270,353,MISIONES,50353,IGUAZU-SMN,-25.73,-54.47,270
JACHAL-SMN,-30.25,-68.75,1165,86,SAN JUAN,50086,JACHAL-SMN,-30.25,-68.75,1165
JUJUY-SMN,-24.38,-65.08,905,500,JUJUY,50500,JUJUY-SMN,-24.38,-65.08,905
JUJUY UN,-24.17,-65.18,1302,543,JUJUY,50543,JUJUY UN,-24.17,-65.18,1302
JUNIN-SMN,-34.55,-60.92,81,453,BUENOS AIRES,50453,JUNIN-SMN,-34.55,-60.92,81
LABOULAYE-SMN,-34.13,-63.37,137,148,CORDOBA,50148,LABOULAYE-SMN,-34.13,-63.37,137
LA PLATA-SMN,-34.97,-57.9,19,450,BUENOS AIRES,50450,LA PLATA-SMN,-34.97,-57.9,19
LA RIOJA-SMN,-29.38,-66.82,429,77,LA RIOJA,50077,LA RIOJA-SMN,-29.38,-66.82,429
LAS FLORES-SMN,-36.03,-59.1,33,186,BUENOS AIRES,50186,LAS FLORES-SMN,-36.03,-59.1,33
LAS LOMITAS-SMN,-24.7,-60.58,130,11,FORMOSA,50011,LAS LOMITAS-SMN,-24.7,-60.58,130
MALARGUE-SMN,-35.5,-69.58,1425,179,MENDOZA,50179,MALARGUE-SMN,-35.5,-69.58,1425
MAQUINCHAO-SMN,-41.25,-68.73,888,248,RIO NEGRO,50248,MAQUINCHAO-SMN,-41.25,-68.73,888
MARCOS JUAREZ-SMN,-32.7,-62.15,114,369,CORDOBA,50369,MARCOS JUAREZ-SMN,-32.7,-62.15,114
MAR DEL PLATA-SMN,-37.93,-57.58,21,210,BUENOS AIRES,50210,MAR DEL PLATA-SMN,-37.93,-57.58,21
MENDOZA-SMN,-32.83,-68.78,705,131,MENDOZA,50131,MENDOZA-SMN,-32.83,-68.78,705
MENDOZA-OBS,-32.88,-68.85,827,132,MENDOZA,50132,MENDOZA-OBS,-32.88,-68.85,827
METAN-SMN,-25.48,-64.8,855,21,SALTA,50021,METAN-SMN,-25.48,-64.8,855
MONTE CASEROS-SMN,-30.27,-57.65,54,87,CORRIENTES,50087,MONTE CASEROS-SMN,-30.27,-57.65,54
MORON-SMN,-34.67,-58.63,24,164,BUENOS AIRES,50164,MORON-SMN,-34.67,-58.63,24
NEUQUEN-SMN,-38.95,-68.13,271,227,NEUQUEN,50227,NEUQUEN-SMN,-38.95,-68.13,271
NUEVE DE JULIO-SMN,-35.45,-60.88,76,178,BUENOS AIRES,50178,NUEVE DE JULIO-SMN,-35.45,-60.88,76
OBERA-SMN,-27.48,-55.13,343,57,MISIONES,50057,OBERA-SMN,-27.48,-55.13,343
OLAVARRIA-SMN,-36.88,-60.22,166,531,BUENOS AIRES,50531,OLAVARRIA-SMN,-36.88,-60.22,166
ORAN-SMN,-23.15,-64.32,357,339,SALTA,50339,ORAN-SMN,-23.15,-64.32,357
PARANA-SMN,-31.78,-60.48,78,113,ENTRE RIOS,50113,PARANA-SMN,-31.78,-60.48,78
PASO DE INDIOS-SMN,-43.82,-68.88,460,307,CHUBUT,50307,PASO DE INDIOS-SMN,-43.82,-68.88,460
PASO DE LOS LIBRES-SMN,-29.68,-57.15,70,346,CORRIENTES,50346,PASO DE LOS LIBRES-SMN,-29.68,-57.15,70
PEHUAJO-SMN,-35.87,-61.9,87,456,BUENOS AIRES,50456,PEHUAJO-SMN,-35.87,-61.9,87
PERITO MORENO-SMN,-46.52,-71.02,429,272,SANTA CRUZ,50272,PERITO MORENO-SMN,-46.52,-71.02,429
PIGUE-SMN,-37.6,-62.38,304,206,BUENOS AIRES,50206,PIGUE-SMN,-37.6,-62.38,304
PILAR-SMN,-31.67,-63.88,338,111,CORDOBA,50111,PILAR-SMN,-31.67,-63.88,338
POSADAS-SMN,-27.37,-55.97,133,362,MISIONES,50362,POSADAS-SMN,-27.37,-55.97,133
PUERTO DESEADO-SMN,-47.73,-65.92,80,280,SANTA CRUZ,50280,PUERTO DESEADO-SMN,-47.73,-65.92,80
PUNTA INDIO-SMN,-35.37,-57.28,22,177,BUENOS AIRES,50177,PUNTA INDIO-SMN,-35.37,-57.28,22
RECONQUISTA-SMN,-29.18,-59.7,53,309,SANTA FE,50309,RECONQUISTA-SMN,-29.18,-59.7,53
RESISTENCIA-SMN,-27.45,-59.05,52,489,CHACO,50489,RESISTENCIA-SMN,-27.45,-59.05,52
RIO COLORADO-SMN,-39.02,-64.08,79,229,RIO NEGRO,50229,RIO COLORADO-SMN,-39.02,-64.08,79
RIO CUARTO-SMN,-33.12,-64.23,421,138,CORDOBA,50138,RIO CUARTO-SMN,-33.12,-64.23,421
RIO GALLEGOS-SMN,-51.62,-69.28,20,293,SANTA CRUZ,50293,RIO GALLEGOS-SMN,-51.62,-69.28,20
RIO GRANDE-SMN,-53.8,-67.75,22,296,"TIERRA DEL FUEGO, ANTÁRTIDA E*",50296,RIO GRANDE-SMN,-53.8,-67.75,22
RIVADAVIA-SMN,-24.17,-62.9,205,6,SALTA,50006,RIVADAVIA-SMN,-24.17,-62.9,205
ROQUE SAENZ PEÑA-SMN,-26.82,-60.45,92,34,CHACO,50034,ROQUE SAENZ PEÑA-SMN,-26.82,-60.45,92
ROSARIO-SMN,-32.92,-60.78,25,133,SANTA FE,50133,ROSARIO-SMN,-32.92,-60.78,25
SALTA-SMN,-24.85,-65.48,1221,12,SALTA,50012,SALTA-SMN,-24.85,-65.48,1221
SAN ANTONIO OESTE-SMN,-40.73,-64.95,7,241,RIO NEGRO,50241,SAN ANTONIO OESTE-SMN,-40.73,-64.95,7
SAN CARLOS-SMN,-33.77,-69.03,940,143,MENDOZA,50143,SAN CARLOS-SMN,-33.77,-69.03,940
SAN FERNANDO-SMN,-34.45,-58.58,3,553,BUENOS AIRES,50553,SAN FERNANDO-SMN,-34.45,-58.58,3
SAN JUAN-SMN,-31.57,-68.42,598,495,SAN JUAN,50495,SAN JUAN-SMN,-31.57,-68.42,598
SAN LUIS-SMN,-33.27,-66.35,713,139,SAN LUIS,50139,SAN LUIS-SMN,-33.27,-66.35,713
SAN MARTIN-SMN,-33.08,-68.42,653,370,MENDOZA,50370,SAN MARTIN-SMN,-33.08,-68.42,653
SAN MIGUEL-SMN,-34.55,-58.73,26,154,BUENOS AIRES,50154,SAN MIGUEL-SMN,-34.55,-58.73,26
SAN RAFAEL-SMN,-34.58,-68.4,748,325,MENDOZA,50325,SAN RAFAEL-SMN,-34.58,-68.4,748
SANTA CRUZ-SMN,-50.02,-68.57,113,289,SANTA CRUZ,50289,SANTA CRUZ-SMN,-50.02,-68.57,113
SANTA ROSA-SMN,-36.57,-64.27,191,192,LA PAMPA,50192,SANTA ROSA-SMN,-36.57,-64.27,191
SANTA ROSA DE CONLARA-SMN,-32.67,-65.32,620,572,SAN LUIS,50572,SANTA ROSA DE CONLARA-SMN,-32.67,-65.32,620
SANTA TERESITA-SMN,-36.55,-56.7,4,547,BUENOS AIRES,50547,SANTA TERESITA-SMN,-36.55,-56.7,4
SANTIAGO DEL ESTERO-SMN,-27.77,-64.3,199,62,SANTIAGO DEL ESTERO,50062,SANTIAGO DEL ESTERO-SMN,-27.77,-64.3,199
SAUCE VIEJO-SMN,-31.7,-60.82,18,451,SANTA FE,50451,SAUCE VIEJO-SMN,-31.7,-60.82,18
TANDIL-SMN,-37.23,-59.25,175,311,BUENOS AIRES,50311,TANDIL-SMN,-37.23,-59.25,175
TARTAGAL-SMN,-22.65,-63.82,450,326,SALTA,50326,TARTAGAL-SMN,-22.65,-63.82,450
TINOGASTA-SMN,-28.07,-67.57,1201,65,CATAMARCA,50065,TINOGASTA-SMN,-28.07,-67.57,1201
TOLHUIN-SMN,-54.53,-67.22,105,558,"TIERRA DEL FUEGO, ANTÁRTIDA E*",50558,TOLHUIN-SMN,-54.53,-67.22,105
TRELEW-SMN,-43.2,-65.26,43,258,CHUBUT,50258,TRELEW-SMN,-43.2,-65.26,43
TRENQUE LAUQUEN-SMN,-35.97,-62.74,95,185,BUENOS AIRES,50185,TRENQUE LAUQUEN-SMN,-35.97,-62.74,95
TRES ARROYOS-SMN,-38.33,-60.25,115,490,BUENOS AIRES,50490,TRES ARROYOS-SMN,-38.33,-60.25,115
TUCUMAN-SMN,-26.85,-65.1,450,17,TUCUMAN,50017,TUCUMAN-SMN,-26.85,-65.1,450
USHUAIA-SMN,-54.8,-68.32,14,298,"TIERRA DEL FUEGO, ANTÁRTIDA E*",50298,USHUAIA-SMN,-54.8,-68.32,14
USPALLATA-SMN,-32.6,-69.33,1891,308,MENDOZA,50308,USPALLATA-SMN,-32.6,-69.33,1891
VENADO TUERTO-SMN,-33.75,-61.95,65,551,SANTA FE,50551,VENADO TUERTO-SMN,-33.75,-61.95,65
VICTORICA-SMN,-36.22,-65.43,312,188,LA PAMPA,50188,VICTORICA-SMN,-36.22,-65.43,312
VIEDMA-SMN,-40.85,-63.02,7,501,RIO NEGRO,50501,VIEDMA-SMN,-40.85,-63.02,7
VILLA DOLORES-SMN,-31.95,-65.13,569,117,CORDOBA,50117,VILLA DOLORES-SMN,-31.95,-65.13,569
VILLA GESELL-SMN,-37.25,-57.0,8,13,BUENOS AIRES,50013,VILLA GESELL-SMN,-37.25,-57.0,8
VILLA MARIA DEL RIO SECO-SMN,-29.9,-63.68,341,82,CORDOBA,50082,VILLA MARIA DEL RIO SECO-SMN,-29.9,-63.68,341
VILLA ORTUZAR-SMN,-34.58,-58.48,25,156,CIUDAD AUTONOMA DE BUENOS AIRE,50156,VILLA ORTUZAR-SMN,-34.58,-58.48,25
VILLA REYNOLDS-SMN,-33.73,-65.38,486,335,SAN LUIS,50335,VILLA REYNOLDS-SMN,-33.73,-65.38,486
YACYRETA-SMN,-27.57,-56.68,72,522,CORRIENTES,50522,YACYRETA-SMN,-27.57,-56.68,72
MERCEDES-SMN,-29.23,-58.08,107,75,CORRIENTES,50075,MERCEDES-SMN,-29.23,-58.08,107
RAFAELA-SMN,-31.27,-61.5,99,573,SANTA FE,50573,RAFAELA-SMN,-31.27,-61.5,99
SUNCHALES-SMN,-30.97,-61.33,92,574,SANTA FE,50574,SUNCHALES-SMN,-30.97,-61.33,92
ANGUIL-INTA,-36.5,-63.98,165,446,LA PAMPA,50446,ANGUIL-INTA,-36.5,-63.98,165
SAN PEDRO-INTA,-33.68,-59.68,28,492,BUENOS AIRES,50492,SAN PEDRO-INTA,-33.68,-59.68,28
ROQUE SAENZ PEÑA-INTA,-26.87,-60.45,90,415,CHACO,50415,ROQUE SAENZ PEÑA-INTA,-26.87,-60.45,90
RECONQUISTA-INTA,-29.25,-59.73,42,437,SANTA FE,50437,RECONQUISTA-INTA,-29.25,-59.73,42
PERGAMINO-INTA,-33.93,-60.55,65,145,BUENOS AIRES,50145,PERGAMINO-INTA,-33.93,-60.55,65
OLIVEROS-INTA,-32.55,-60.85,26,472,SANTA FE,50472,OLIVEROS-INTA,-32.55,-60.85,26
RAFAELA-INTA,-31.18,-61.55,100,98,SANTA FE,50098,RAFAELA-INTA,-31.18,-61.55,100
LAS BREÑAS-INTA,-27.08,-61.12,102,416,CHACO,50416,LAS BREÑAS-INTA,-27.08,-61.12,102
LA MARIA-INTA,-28.23,-64.15,169,550,SANTIAGO DEL ESTERO,50550,LA MARIA-INTA,-28.23,-64.15,169
MARCOS JUAREZ-INTA,-32.68,-62.12,110,502,CORDOBA,50502,MARCOS JUAREZ-INTA,-32.68,-62.12,110
HILARIO ASCASUBI-INTA,-39.38,-62.62,22,421,BUENOS AIRES,50421,HILARIO ASCASUBI-INTA,-39.38,-62.62,22
GENERAL VILLEGAS-INTA,-34.92,-62.73,117,38,BUENOS AIRES,50038,GENERAL VILLEGAS-INTA,-34.92,-62.73,117
FAMAILLA-INTA,-27.05,-65.42,363,444,TUCUMAN,50444,FAMAILLA-INTA,-27.05,-65.42,363
BELLA VISTA-INTA,-28.43,-58.92,70,67,CORRIENTES,50067,BELLA VISTA-INTA,-28.43,-58.92,70
BALCARCE-INTA,-37.75,-58.3,130,400,BUENOS AIRES,50400,BALCARCE-INTA,-37.75,-58.3,130
BARROW-INTA,-38.32,-60.25,120,216,BUENOS AIRES,50216,BARROW-INTA,-38.32,-60.25,120
CASTELAR-INTA,-34.67,-58.65,22,358,BUENOS AIRES,50358,CASTELAR-INTA,-34.67,-58.65,22
COLONIA BENITEZ-INTA,-27.42,-58.93,54,487,CHACO,50487,COLONIA BENITEZ-INTA,-27.42,-58.93,54
MERCEDES-INTA,-29.17,-58.02,100,498,CORRIENTES,50498,MERCEDES-INTA,-29.17,-58.02,100
CHACRAS DE CORIA,-32.98,-68.87,902,454,MENDOZA,50454,CHACRAS DE CORIA,-32.98,-68.87,902
CIPOLETTI-SMN,-38.95,-67.97,270,163,RIO NEGRO,50163,CIPOLETTI-SMN,-38.95,-67.97,270
CURUZU CUATIA-SMN,-29.78,-57.98,61,80,CORRIENTES,50080,CURUZU CUATIA-SMN,-29.78,-57.98,61
DON TORCUATO-SMN,-34.48,-58.62,17,478,BUENOS AIRES,50478,DON TORCUATO-SMN,-34.48,-58.62,17
LA QUIACA-SMN,-22.1,-65.6,3442,1,JUJUY,50001,LA QUIACA-SMN,-22.1,-65.6,3442
CAPILLA DEL MONTE-INTA,-30.87,-64.55,972,989,CORDOBA,50989,CAPILLA DEL MONTE-INTA,-30.87,-64.55,972
CERRO AZUL-INTA,-27.65,-55.43,270,423,MISIONES,50423,CERRO AZUL-INTA,-27.65,-55.43,270
CONCEPCION DEL URUGUAY-INTA,-32.48,-58.23,3,497,ENTRE RIOS,50497,CONCEPCION DEL URUGUAY-INTA,-32.48,-58.23,3
CONCORDIA-INTA,-31.36,-58.12,21,496,ENTRE RIOS,50496,CONCORDIA-INTA,-31.36,-58.12,21
EL COLORADO-INTA,-26.3,-59.37,86,464,FORMOSA,50464,EL COLORADO-INTA,-26.3,-59.37,86
LA CONSULTA-INTA,-33.73,-69.12,1050,442,MENDOZA,50442,LA CONSULTA-INTA,-33.73,-69.12,1050
LAS ROSAS-INTA,-32.48,-61.57,98,910,SANTA FE,50910,LAS ROSAS-INTA,-32.48,-61.57,98
MANFREDI-INTA,-31.82,-63.77,294,438,CORDOBA,50438,MANFREDI-INTA,-31.82,-63.77,294
RAFAELA-SMN,-31.18,-61.55,90,98,SANTA FE,50098,RAFAELA-SMN,-31.18,-61.55,90
